item;category
https://data-seo.com/;home
https://data-seo.com/2015/07/07/r-tools-seo-part-1/;post
https://data-seo.com/2016/05/04/dashboard-seo-active-page/;post
https://data-seo.com/2015/12/31/writing-good-seo-titles-with-your-sports-articles/;post
https://data-seo.com/feed/;feed
https://data-seo.com/author/vincentterrasi/;author
https://data-seo.com/comments/feed/;feed
https://data-seo.com/learning-path/;page
https://data-seo.com/2015/12/12/10-seo-predictions-for-2016/;post
https://data-seo.com/category/seo/;category
https://data-seo.com/2015/10/27/merge-different-variants-of-seo-keywords/;post
https://data-seo.com/2015/08/29/clusteriser-vos-urls-avec-open-refine/;post
https://data-seo.com/2016/06/05/dashboard-seo-part-2/;post
https://data-seo.com/2016/12/14/bot-event-analysis-bea/;post
https://data-seo.com/category/seo/page/3/;pagination
https://data-seo.com/2015/07/09/tutoriel-screamingfrog-v4-decouvrez/;post
https://data-seo.com/2015/08/28/how-export-annotations-google-analytics/;post
https://data-seo.com/category/seo/page/2/;pagination
https://data-seo.com/2016/06/17/dashboard-seo-part-3-tutorial-paaslogs-for-log-file-analyser/;post
https://data-seo.com/a-propos/;page
https://data-seo.com/2017/03/10/seo-viz-how-it-works/;post
https://data-seo.com/2015/07/03/how-to-optimize-your-seo-to-improve-your-rankings/;post
https://data-seo.com/2017/04/13/how-to-predict-google-rankings-datascience-platform/;post
https://data-seo.com/2016/06/07/17-data-visualization-tools-resources-you-should-bookmark-hubspot-marketing-blog/;post
https://data-seo.com/2016/07/01/dashboard-seo-part-4-kibana/;post
https://data-seo.com/2016/06/08/facebook-bots-101/;post
https://data-seo.com/2015/06/23/the-limitless-capability-of-the-next-web/;post
https://data-seo.com/category/seo/page/5/;pagination
https://data-seo.com/2015/06/17/le-mobile-dans-la-ligne-de-mire-du-seo-2015/;post
https://data-seo.com/2015/06/20/top-100-des-experts-seo-les-plus-influents-sur-les-reseaux-sociaux/;post
https://data-seo.com/2015/06/19/why-it-is-important-to-be-on-the-top-of-google-search/;post
https://data-seo.com/2015/06/19/10-important-seo-fires-to-light-by-wordcamp-kc/;post
https://data-seo.com/2015/06/20/seven-ways-humanists-are-using-computers-to-understand-text/;post
https://data-seo.com/category/non-classe/;category
https://data-seo.com/2015/08/21/ameliorez-donnees-google-analytics-r-shiny/;post
https://data-seo.com/category/seo/page/4/;pagination
